{
  "GET All Activities" : {
    "transaction" : "GET All Activities",
    "sampleCount" : 10,
    "errorCount" : 0,
    "errorPct" : 0.0,
    "meanResTime" : 42.5,
    "medianResTime" : 38.5,
    "minResTime" : 29.0,
    "maxResTime" : 75.0,
    "pct1ResTime" : 73.30000000000001,
    "pct2ResTime" : 75.0,
    "pct3ResTime" : 75.0,
    "throughput" : 10.695187165775401,
    "receivedKBytesPerSec" : 35.85603275401069,
    "sentKBytesPerSec" : 1.8277907754010694
  },
  "Total" : {
    "transaction" : "Total",
    "sampleCount" : 10,
    "errorCount" : 0,
    "errorPct" : 0.0,
    "meanResTime" : 42.5,
    "medianResTime" : 38.5,
    "minResTime" : 29.0,
    "maxResTime" : 75.0,
    "pct1ResTime" : 73.30000000000001,
    "pct2ResTime" : 75.0,
    "pct3ResTime" : 75.0,
    "throughput" : 10.695187165775401,
    "receivedKBytesPerSec" : 35.85603275401069,
    "sentKBytesPerSec" : 1.8277907754010694
  }
}